id,has_cactus
o_tt732x75asu41.jpg,1.5456385612487793
o_wlqsoqz3pjv11.jpg,1.336047887802124
o_z46mekvwad911.jpg,1.438476800918579
p_5p5kv8AgNiyQc.jpg,1.572613000869751
p_5p5kv8Eehh0uT.png,1.4653552770614624
